Month,Population
0,40000
1,40159
2,40318
3,40477
4,40634
5,40792
6,40948
7,41104
8,41259
9,41414
10,41568
11,41721
12,41873
13,42025
14,42177
15,42328
16,42478
17,42627
18,42776
19,42924
20,43072
21,43218
22,43365
23,43510
24,43655
25,43800
26,43943
27,44086
28,44229
29,44370
30,44512
31,44652
32,44792
33,44931
34,45070
35,45208
36,45345
37,45481
38,45617
39,45753
40,45888
41,46022
42,46155
43,46288
44,46420
45,46552
46,46682
47,46813
48,46942
49,47071
50,47200
51,47327
52,47454
53,47581
54,47706
55,47832
56,47956
57,48080
58,48203
59,48326
60,48448
61,48569
62,48689
63,48809
64,48929
65,49048
66,49166
67,49283
68,49400
69,49516
70,49632
71,49746
72,49861
73,49974
74,50087
75,50200
76,50311
77,50422
78,50533
79,50642
80,50752
81,50860
82,50968
83,51075
84,51182
85,51288
86,51393
87,51497
88,51601
89,51705
90,51808
91,51910
92,52011
93,52112
94,52212
95,52312
96,52410
97,52509
98,52606
99,52703
100,52800
101,52895
102,52990
103,53085
104,53178
105,53272
106,53364
107,53456
108,53547
109,53638
110,53728
111,53817
112,53905
113,53993
114,54081
115,54168
116,54254
117,54339
118,54424
119,54508
120,54592
121,54674
122,54757
123,54838
124,54919
125,55000
126,55079
127,55158
128,55237
129,55314
130,55392
131,55468
132,55544
133,55619
134,55694
135,55768
136,55841
137,55913
138,55985
139,56057
140,56128
141,56198
142,56267
143,56336
144,56404
145,56472
146,56538
147,56605
148,56670
149,56735
150,56800
151,56863
152,56926
153,56989
154,57050
155,57112
156,57172
157,57232
158,57291
159,57350
160,57408
161,57465
162,57521
163,57577
164,57633
165,57688
166,57742
167,57795
168,57848
169,57900
170,57952
171,58002
172,58053
173,58102
174,58151
175,58200
176,58247
177,58294
178,58341
179,58386
180,58432
181,58476
182,58520
183,58563
184,58606
185,58648
186,58689
187,58729
188,58769
189,58809
190,58848
191,58886
192,58923
193,58960
194,58996
195,59032
196,59066
197,59101
198,59134
199,59167
200,59200
201,59231
202,59262
203,59293
204,59322
205,59352
206,59380
207,59408
208,59435
209,59462
210,59488
211,59513
212,59537
213,59561
214,59585
215,59608
216,59630
217,59651
218,59672
219,59692
220,59712
221,59730
222,59749
223,59766
224,59783
225,59800
226,59815
227,59830
228,59845
229,59858
230,59872
231,59884
232,59896
233,59907
234,59918
235,59928
236,59937
237,59945
238,59953
239,59961
240,59968
241,59974
242,59979
243,59984
244,59988
245,59992
246,59994
247,59997
248,59998
249,59999
250,60000
251,59999
252,59998
253,59997
254,59994
255,59992
256,59988
257,59984
258,59979
259,59974
260,59968
261,59961
262,59953
263,59945
264,59937
265,59928
266,59918
267,59907
268,59896
269,59884
270,59872
271,59858
272,59845
273,59830
274,59815
275,59800
276,59783
277,59766
278,59749
279,59730
280,59712
281,59692
282,59672
283,59651
284,59630
285,59608
286,59585
287,59561
288,59537
289,59513
290,59488
291,59462
292,59435
293,59408
294,59380
295,59352
296,59322
297,59293
298,59262
299,59231
300,59200
301,59167
302,59134
303,59101
304,59066
305,59032
306,58996
307,58960
308,58923
309,58886
310,58848
311,58809
312,58769
313,58729
314,58689
315,58648
316,58606
317,58563
318,58520
319,58476
320,58432
321,58386
322,58341
323,58294
324,58247
325,58200
326,58151
327,58102
328,58053
329,58002
330,57952
331,57900
332,57848
333,57795
334,57742
335,57688
336,57633
337,57577
338,57521
339,57465
340,57408
341,57350
342,57291
343,57232
344,57172
345,57112
346,57050
347,56989
348,56926
349,56863
350,56800
351,56735
352,56670
353,56605
354,56538
355,56472
356,56404
357,56336
358,56267
359,56198
360,56128
361,56057
362,55985
363,55913
364,55841
365,55768
366,55694
367,55619
368,55544
369,55468
370,55392
371,55314
372,55237
373,55158
374,55079
375,55000
376,54919
377,54838
378,54757
379,54674
380,54592
381,54508
382,54424
383,54339
384,54254
385,54168
386,54081
387,53993
388,53905
389,53817
390,53728
391,53638
392,53547
393,53456
394,53364
395,53272
396,53178
397,53085
398,52990
399,52895
400,52800
401,52703
402,52606
403,52509
404,52410
405,52312
406,52212
407,52112
408,52011
409,51910
410,51808
411,51705
412,51601
413,51497
414,51393
415,51288
416,51182
417,51075
418,50968
419,50860
420,50752
421,50642
422,50533
423,50422
424,50311
425,50200
426,50087
427,49974
428,49861
429,49746
430,49632
431,49516
432,49400
433,49283
434,49166
435,49048
436,48929
437,48809
438,48689
439,48569
440,48448
441,48326
442,48203
443,48080
444,47956
445,47832
446,47706
447,47581
448,47454
449,47327
450,47200
451,47071
452,46942
453,46813
454,46682
455,46552
456,46420
457,46288
458,46155
459,46022
460,45888
461,45753
462,45617
463,45481
464,45345
465,45208
466,45070
467,44931
468,44792
469,44652
470,44512
471,44370
472,44229
473,44086
474,43943
475,43800
476,43655
477,43510
478,43365
479,43218
480,43072
481,42924
482,42776
483,42627
484,42478
485,42328
486,42177
487,42025
488,41873
489,41721
490,41568
491,41414
492,41259
493,41104
494,40948
495,40792
496,40634
497,40477
498,40318
499,40159
500,40000